latitude,longitude,floorSize,url,price
40.525081,-74.174755,"4,200",https://www.zillow.com/homedetails/440-Philip-Ave-Staten-Island-NY-10312/32366837_zpid/,"$1,350,000"
40.637019,-74.130072,"1,510",https://www.zillow.com/homedetails/40-Bennett-St-Staten-Island-NY-10302/62723283_zpid/,"$405,000"
40.840741,-73.88353,"3,321",https://www.zillow.com/homedetails/1933-Vyse-Ave-Bronx-NY-10460/83178654_zpid/,"$999,999"
40.727001,-73.847396,"1,250",https://www.zillow.com/homedetails/67-66-108th-St-67-Forest-Hills-NY-11375/2079321572_zpid/,"$749,000"
40.740605,-73.923632,,https://www.zillow.com/homedetails/4735-41st-St-APT-6A-Sunnyside-NY-11104/2094779057_zpid/,"$489,000"
40.763418,-73.867734,"1,848",https://www.zillow.com/homedetails/2702-Humphrey-St-Flushing-NY-11369/31968527_zpid/,"$1,800,000"
40.747063,-73.976742,873,https://www.zillow.com/homedetails/201-E-36th-St-APT-18A-New-York-NY-10016/63866878_zpid/,"$795,000"
40.618014,-74.16379,"2,079",https://www.zillow.com/homedetails/15-Longdale-St-Staten-Island-NY-10314/32304989_zpid/,"Est. $631,270"
40.550762,-74.143621,"2,000",https://www.zillow.com/homedetails/41-Highland-Rd-Staten-Island-NY-10308/112114286_zpid/,"$1,175,000"
40.723693,-73.908657,,https://www.zillow.com/homedetails/52-24-65th-Pl-APT-6K-Maspeth-NY-11378/2079348234_zpid/,"$398,000"
40.886737,-73.911383,"1,400",https://www.zillow.com/homedetails/3530-Henry-Hudson-Pkwy-APT-10L-Bronx-NY-10463/2108107864_zpid/,"$599,000"
40.825586,-73.853006,"1,980",https://www.zillow.com/homedetails/917-Olmstead-Ave-Bronx-NY-10473/29793667_zpid/,"Est. $680,315"
40.63532,-74.006657,"4,640",https://www.zillow.com/homedetails/876-58th-St-Brooklyn-NY-11220/30688052_zpid/,"$4,499,999"
40.610662,-73.997152,"1,100",https://www.zillow.com/homedetails/1833-79th-St-Brooklyn-NY-11214/83042914_zpid/,"$799,000"
40.592035,-74.161962,"1,774",https://www.zillow.com/homedetails/205-Steinway-Ave-Staten-Island-NY-10314/32311683_zpid/,"$825,000"
40.659944,-73.962292,500,https://www.zillow.com/homedetails/125-Ocean-Ave-APT-2K-Brooklyn-NY-11225/79721826_zpid/,"$429,000"
40.626934,-74.081883,728,https://www.zillow.com/homedetails/26-Grove-St-Staten-Island-NY-10304/32284882_zpid/,"Est. $345,430"
40.684692,-73.750295,"1,391",https://www.zillow.com/homedetails/13027-Springfield-Blvd-Queens-NY-11413/32199162_zpid/,"$875,000"
40.682538,-73.865412,"1,395",https://www.zillow.com/homedetails/9428-Forbell-St-Ozone-Park-NY-11416/80131001_zpid/,"$794,000"
40.796254,-73.97207,642,https://www.zillow.com/homedetails/780-W-End-Ave-PENTHOUSE-B-New-York-NY-10025/31550851_zpid/,"$1,699,000"
40.865921,-73.928868,"1,150",https://www.zillow.com/homedetails/1825-Riverside-Dr-APT-2D-New-York-NY-10034/244761584_zpid/,"$750,000"
40.78178,-73.946254,650,https://www.zillow.com/homedetails/345-E-93rd-St-APT-24E-New-York-NY-10128/89710790_zpid/,"$578,000"
40.730149,-73.917926,"1,260",https://www.zillow.com/homedetails/4827-54th-Rd-Flushing-NY-11378/31985571_zpid/,"$763,000"
40.598653,-73.745378,"1,850",https://www.zillow.com/homedetails/915-Lanett-Ave-Far-Rockaway-NY-11691/219890532_zpid/,"$875,000"
40.769521,-73.827673,650,https://www.zillow.com/homedetails/14024-31st-Dr-APT-5C-Flushing-NY-11354/83050525_zpid/,"$355,000"
40.688953,-73.994261,"1,000",https://www.zillow.com/homedetails/177-Amity-St-APT-10-11-Brooklyn-NY-11201/245522618_zpid/,"$1,199,000"
40.602708,-74.008817,750,https://www.zillow.com/homedetails/268-Bay-17th-St-APT-A1-Brooklyn-NY-11214/245017902_zpid/,"$299,900"
40.784651,-73.975243,692,https://www.zillow.com/homedetails/127-W-82nd-St-APT-1D-New-York-NY-10024/31524436_zpid/,"$1,149,000"
40.633015,-74.138849,"2,300",https://www.zillow.com/homedetails/101-Clinton-Pl-Staten-Island-NY-10302/32297715_zpid/,$--
40.576626,-74.142037,"2,100",https://www.zillow.com/homedetails/432-London-Rd-Staten-Island-NY-10306/32311426_zpid/,"$999,000"
40.760571,-73.763405,"1,162",https://www.zillow.com/homedetails/4515-218th-St-Flushing-NY-11361/32082220_zpid/,"$900,000"
40.808,-73.8511,,https://www.zillow.com/homedetails/1993-Cornell-Ave-Bronx-NY-10473/2099697893_zpid/,"$399,000"
40.72555,-73.824804,"1,525",https://www.zillow.com/homedetails/136-62-72nd-Ave-Flushing-NY-11367/2080339363_zpid/,"$929,000"
40.758915,-73.875835,"1,548",https://www.zillow.com/homedetails/3148-93rd-St-Flushing-NY-11369/31961720_zpid/,"$799,000"
40.877595,-73.858149,"1,706",https://www.zillow.com/homedetails/927-E-213th-St-Bronx-NY-10469/29827532_zpid/,"Est. $606,231"
40.740902,-73.858042,550,https://www.zillow.com/homedetails/10214-Lewis-Ave-Flushing-NY-11368/89069140_zpid/,"Est. $302,653"
40.732314,-73.952412,727,https://www.zillow.com/homedetails/184-India-St-APT-6-Brooklyn-NY-11222/121711407_zpid/,"$919,000"
40.830456,-73.908415,"1,000",https://www.zillow.com/homedetails/1072-Findlay-Ave-APT-2-Bronx-NY-10456/2079434335_zpid/,"$299,000"
40.623688,-74.036519,"2,055",https://www.zillow.com/homedetails/8707-Colonial-Rd-Brooklyn-NY-11209/30699903_zpid/,"$1,149,000"
40.740199,-73.981736,750,https://www.zillow.com/homedetails/201-E-25th-St-APT-7F-New-York-NY-10010/113500305_zpid/,"$829,000"
40.711704,-73.916514,"1,000",https://www.zillow.com/homedetails/1908-Starr-St-APT-1G-Ridgewood-NY-11385/2079437895_zpid/,"$649,000"
40.688953,-73.994261,"1,000",https://www.zillow.com/homedetails/177-Amity-St-Brooklyn-NY-11201/30568335_zpid/,"$1,199,000"
40.727585,-73.725145,"1,462",https://www.zillow.com/homedetails/24216-89th-Ave-Jamaica-NY-11426/32092149_zpid/,"$650,000"
40.631131,-73.980087,"3,000",https://www.zillow.com/homedetails/1730-45th-St-Brooklyn-NY-11204/30676719_zpid/,"$1,625,000"
40.770167,-73.777393,"1,954",https://www.zillow.com/homedetails/21010-33rd-Rd-Flushing-NY-11361/32060353_zpid/,"$1,148,000"
40.816299,-73.947822,"1,066",https://www.zillow.com/homedetails/300-W-135th-St-APT-6B-New-York-NY-10030/65323055_zpid/,"$935,000"
40.728167,-73.722473,,https://www.zillow.com/homedetails/244-36-88th-Dr-Bellerose-NY-11426/2079444925_zpid/,"$649,900"
40.54761,-74.210003,"2,500",https://www.zillow.com/homedetails/859-Rossville-Ave-Staten-Island-NY-10309/32363868_zpid/,"$725,000"
40.774272,-73.956891,,https://www.zillow.com/homedetails/239-E-79th-St-APT-18C-New-York-NY-10075/245084311_zpid/,"$1,275,000"
40.548325,-74.198244,"1,805",https://www.zillow.com/homedetails/59-Hammock-Ln-Staten-Island-NY-10312/32361429_zpid/,"$449,900"
40.757947,-73.725986,960,https://www.zillow.com/homedetails/25133-61st-Ave-Little-Neck-NY-11362/2085126879_zpid/,"$390,000"
40.871956,-73.916259,550,https://www.zillow.com/homedetails/100-Park-Ter-W-APT-3G-New-York-NY-10034/2079450234_zpid/,"$274,000"
40.537023,-74.182985,"2,480",https://www.zillow.com/homedetails/224-Albee-Ave-Staten-Island-NY-10312/32365839_zpid/,"$1,800,000"
40.701648,-73.910895,"1,920",https://www.zillow.com/homedetails/1662-Linden-St-Flushing-NY-11385/32008671_zpid/,"Est. $1,134,716"
40.697859,-73.783847,"1,660",https://www.zillow.com/homedetails/10850-171st-Pl-Jamaica-NY-11433/32140853_zpid/,"Est. $633,774"
40.622282,-74.162486,1,https://www.zillow.com/homedetails/400-Lisk-Ave-Staten-Island-NY-10303/32306342_zpid/,"$345,000"
40.623374,-73.909816,"1,650",https://www.zillow.com/homedetails/7204-Avenue-N-Brooklyn-NY-11234/64492723_zpid/,"$949,000"
40.596736,-74.083166,"1,080",https://www.zillow.com/homedetails/7-Mccormick-Pl-Staten-Island-NY-10305/32324707_zpid/,"$499,999"
40.845711,-73.7886,"1,500",https://www.zillow.com/homedetails/48-Hawkins-St-Bronx-NY-10464/29850454_zpid/,"$750,000"
40.698255,-73.848799,705,https://www.zillow.com/homedetails/8410-101st-St-APT-4R-Jamaica-NY-11418/32115503_zpid/,"$355,000"
40.763912,-73.965187,"1,003",https://www.zillow.com/homedetails/166-E-63rd-St-APT-2F-New-York-NY-10065/31534460_zpid/,"$1,195,000"
40.584929,-73.93516,"1,297",https://www.zillow.com/homedetails/2834-Ford-St-APT-2-Brooklyn-NY-11235/82782892_zpid/,"$789,000"
40.587084,-73.967095,"2,680",https://www.zillow.com/homedetails/16-Brighton-Ct-Brooklyn-NY-11223/30740022_zpid/,"$1,250,000"
40.692784,-73.978879,950,https://www.zillow.com/homedetails/115-Ashland-Pl-APT-11A-Brooklyn-NY-11201/244999181_zpid/,"$730,000"
40.585599,-73.814432,"1,550",https://www.zillow.com/homedetails/9114-Holland-Ave-Rockaway-Beach-NY-11693/32225619_zpid/,"$848,000"
40.598315,-73.974531,"1,184",https://www.zillow.com/homedetails/241-Van-Sicklen-St-Brooklyn-NY-11223/30735726_zpid/,"$1,599,999"
40.601981,-74.1259,"2,133",https://www.zillow.com/homedetails/393-Gansevoort-Blvd-Staten-Island-NY-10314/32292458_zpid/,"$960,000"
40.7615,-73.971793,"3,576",https://www.zillow.com/homedetails/432-Park-Ave-APT-52C-New-York-NY-10022/219674316_zpid/,"$20,150,000"
40.892194,-73.842549,,https://www.zillow.com/homedetails/724-E-224th-St-2-Bronx-NY-10466/2079460184_zpid/,"$440,000"
40.565532,-74.151284,"2,248",https://www.zillow.com/homedetails/417-Corbin-Ave-Staten-Island-NY-10308/32341564_zpid/,"$899,000"
40.659336,-73.843743,"1,856",https://www.zillow.com/homedetails/16437-98th-St-Howard-Beach-NY-11414/2079462907_zpid/,"$965,000"
40.757292,-73.966591,515,https://www.zillow.com/homedetails/140-E-56th-St-APT-9-New-York-NY-10022/2079470623_zpid/,"$699,000"
40.86909,-73.887887,"4,841",https://www.zillow.com/homedetails/2851-Bainbridge-Ave-Bronx-NY-10458/112505137_zpid/,"$750,000"
40.746444,-73.97805,710,https://www.zillow.com/homedetails/166-E-35th-St-APT-10G-New-York-NY-10016/81776183_zpid/,"$729,999"
40.619628,-74.085271,900,https://www.zillow.com/homedetails/18-Laurel-Ave-Staten-Island-NY-10304/32285492_zpid/,"$339,000"
40.715133,-73.79269,,https://www.zillow.com/homedetails/8458-159th-St-Jamaica-NY-11432/2079474079_zpid/,"$1,150,000"
40.786404,-73.825479,"2,043",https://www.zillow.com/homedetails/14318-14th-Ave-Flushing-NY-11357/32023747_zpid/,"$1,260,000"
40.741298,-73.9944,"1,517",https://www.zillow.com/homedetails/655-6th-Ave-APT-5D-New-York-NY-10010/2097828279_zpid/,"$2,695,000"
40.745972,-73.854364,"2,640",https://www.zillow.com/homedetails/10847-49th-Ave-Flushing-NY-11368/31976263_zpid/,"$1,388,000"
40.768061,-73.956975,800,https://www.zillow.com/homedetails/360-E-72nd-St-APT-B211-New-York-NY-10021/81945062_zpid/,"$800,000"
40.604056,-74.171461,"1,889",https://www.zillow.com/homedetails/70-Dinsmore-St-B-Staten-Island-NY-10314/32310298_zpid/,"$475,000"
40.715561,-73.821843,"2,000",https://www.zillow.com/homedetails/13537-Coolidge-Ave-Jamaica-NY-11435/32068334_zpid/,"$1,290,000"
40.658625,-73.948273,"3,000",https://www.zillow.com/homedetails/426-Fenimore-St-Brooklyn-NY-11225/30657478_zpid/,"$1,299,999"
40.617705,-74.069612,"1,800",https://www.zillow.com/homedetails/54-Lynhurst-Ave-Staten-Island-NY-10305/32318509_zpid/,"$589,900"
40.69046,-73.850037,"3,300",https://www.zillow.com/homedetails/9302-90th-Ave-Woodhaven-NY-11421/68316235_zpid/,"$1,125,000"
40.756801,-73.8973,"1,080",https://www.zillow.com/homedetails/3146-70th-St-East-Elmhurst-NY-11370/2133728553_zpid/,"$829,999"
40.712228,-73.959975,536,https://www.zillow.com/homedetails/200-S-2nd-St-APT-3H-Brooklyn-NY-11211/94717191_zpid/,"$729,000"
40.738118,-73.743412,,https://www.zillow.com/homedetails/226-56-Kingsbury-Ave-UNIT-A-Oakland-Gardens-NY-11364/2079506212_zpid/,"$385,000"
40.576732,-73.972985,"1,200",https://www.zillow.com/homedetails/2942-W-5th-St-APT-9K-Brooklyn-NY-11224/245068467_zpid/,"$529,000"
40.608294,-73.996246,"1,596",https://www.zillow.com/homedetails/1937-81st-St-Brooklyn-NY-11214/30709151_zpid/,"$1,269,000"
40.8889,-73.9084,"1,500",https://www.zillow.com/homedetails/525-W-238th-St-APT-3A-Bronx-NY-10463/2113066132_zpid/,"$530,000"
40.766192,-73.832245,700,https://www.zillow.com/homedetails/25-12-Union-St-APT-6A-Flushing-NY-11354/123161636_zpid/,"$239,000"
40.888704,-73.912696,"1,850",https://www.zillow.com/homedetails/3850-Hudson-Manor-Ter-1E2E-Riverdale-NY-10463/2079509741_zpid/,"$645,000"
40.548607,-74.210475,"2,970",https://www.zillow.com/homedetails/56-Balsam-Pl-Staten-Island-NY-10309/32363919_zpid/,"$895,000"
40.72762,-73.85455,"1,400",https://www.zillow.com/homedetails/9972-66th-Rd-APT-1G-Rego-Park-NY-11374/245390627_zpid/,"$678,000"
40.825155,-73.897168,"2,687",https://www.zillow.com/homedetails/1067-Intervale-Ave-Bronx-NY-10459/83179204_zpid/,"$850,000"
40.544554,-74.170298,"1,998",https://www.zillow.com/homedetails/577-Wilson-Ave-Staten-Island-NY-10312/32356918_zpid/,"$640,000"
40.586711,-74.159909,"1,778",https://www.zillow.com/homedetails/15-Purdue-St-Staten-Island-NY-10314/32313192_zpid/,"$688,000"
40.681727,-73.926466,"2,752",https://www.zillow.com/homedetails/263-Bainbridge-St-A-Brooklyn-NY-11233/30606127_zpid/,"$1,875,750"
40.762122,-73.787478,550,https://www.zillow.com/homedetails/19522-39th-Ave-A-Flushing-NY-11358/245438615_zpid/,"$280,000"
40.617086,-73.962843,"2,010",https://www.zillow.com/homedetails/1125-Elm-Ave-Brooklyn-NY-11230/30725343_zpid/,"$1,289,000"
40.888599,-73.904074,"1,149",https://www.zillow.com/homedetails/445-W-240th-St-APT-4G-Bronx-NY-10463/29852354_zpid/,"$485,000"
40.707682,-73.876863,,https://www.zillow.com/homedetails/69-34-75th-St-Middle-Village-NY-11379/2079535088_zpid/,"$788,800"
40.786195,-73.85163,"2,895",https://www.zillow.com/homedetails/1234-116th-St-Flushing-NY-11356/32022807_zpid/,"$1,300,000"
40.540211,-74.162712,"1,925",https://www.zillow.com/homedetails/85-Lyndale-Ave-Staten-Island-NY-10312/143774898_zpid/,"$729,000"
40.69189,-73.759657,"1,616",https://www.zillow.com/homedetails/19033-117th-Rd-Jamaica-NY-11412/32193284_zpid/,"$225,000"
40.677039,-73.942724,"4,000",https://www.zillow.com/homedetails/1430-Pacific-St-Brooklyn-NY-11216/30591176_zpid/,"Est. $1,810,362"
40.503915,-74.243545,"1,600",https://www.zillow.com/homedetails/252-Brighton-St-Staten-Island-NY-10307/32375970_zpid/,"$619,000"
40.657491,-73.90694,"2,000",https://www.zillow.com/homedetails/504-Thatford-Ave-Brooklyn-NY-11212/30633593_zpid/,$--
40.813107,-73.857536,740,https://www.zillow.com/homedetails/1500-Harding-Park-Bronx-NY-10473/29790573_zpid/,"$325,000"
40.767768,-73.955544,981,https://www.zillow.com/homedetails/399-E-72nd-St-APT-16H-New-York-NY-10021/244870620_zpid/,"$899,000"
40.815369,-73.938485,284,https://www.zillow.com/homedetails/48-W-138th-St-APT-5D-New-York-NY-10037/122062977_zpid/,"$400,000"
40.766971,-73.954963,770,https://www.zillow.com/homedetails/422-E-72nd-St-APT-7B-New-York-NY-10021/31539013_zpid/,"$970,000"
40.826212,-73.893665,"2,500",https://www.zillow.com/homedetails/10459-Fox-St-Bronx-NY-10459/2097580779_zpid/,"$499,000"
40.7266,-73.996398,,https://www.zillow.com/homedetails/88-Bleecker-St-5EF-New-York-NY-10012/2079561584_zpid/,"$2,595,000"
40.589701,-73.806824,660,https://www.zillow.com/homedetails/260-Beach-81st-St-APT-6M-Rockaway-Beach-NY-11693/79739033_zpid/,"$263,000"
40.670267,-73.972323,"2,650",https://www.zillow.com/homedetails/35-Prospect-Park-W-APT-14C-Brooklyn-NY-11215/79722279_zpid/,"$3,495,000"
40.863972,-73.923012,"1,100",https://www.zillow.com/homedetails/571-Academy-St-APT-5F-New-York-NY-10034/31554240_zpid/,"$700,000"
40.747893,-73.892263,800,https://www.zillow.com/homedetails/3731-73rd-St-APT-7M-Jackson-Heights-NY-11372/72649036_zpid/,"$449,000"
40.766192,-73.832245,"114,151",https://www.zillow.com/homedetails/3815-149th-St-APT-5V-Flushing-NY-11354/245386529_zpid/,"$345,000"
40.7904,-73.974501,"2,550",https://www.zillow.com/homedetails/205-W-89th-St-6RS-New-York-NY-10024/2079581067_zpid/,"$4,500,000"
40.742905,-73.9974,,https://www.zillow.com/homedetails/210-W-21st-St-APT-6FW-New-York-NY-10011/82789896_zpid/,"$1,325,000"
40.611546,-73.933766,924,https://www.zillow.com/homedetails/1872-E-36th-St-Brooklyn-NY-11234/30784006_zpid/,$--
40.648152,-73.969932,"1,100",https://www.zillow.com/homedetails/25-Stratford-Rd-APT-C2-Brooklyn-NY-11218/245008341_zpid/,"$570,000"
40.648164,-74.084981,"1,086",https://www.zillow.com/homedetails/350-Richmond-Ter-APT-3V-Staten-Island-NY-10301/244597424_zpid/,"$325,000"
40.888174,-73.835473,"2,539",https://www.zillow.com/homedetails/3849-Amundson-Ave-Bronx-NY-10466/29834796_zpid/,"$899,000"
40.731952,-73.994143,980,https://www.zillow.com/homedetails/30-E-9th-St-APT-3D-New-York-NY-10003/244720329_zpid/,"$1,495,000"
40.684271,-74.001744,"3,000",https://www.zillow.com/homedetails/153-Union-St-Brooklyn-NY-11231/30569590_zpid/,"$2,900,000"
40.844223,-73.907337,"3,066",https://www.zillow.com/homedetails/1690-Weeks-Ave-Bronx-NY-10457/29781618_zpid/,"$910,000"
40.6772,-73.90865,"2,595",https://www.zillow.com/homedetails/1358-Herkimer-St-Brooklyn-NY-11233/145589335_zpid/,"$1,799,999"
40.743603,-73.875824,"1,776",https://www.zillow.com/homedetails/4278-Hampton-St-Flushing-NY-11373/31966671_zpid/,"Est. $910,509"
40.695254,-73.780243,"2,150",https://www.zillow.com/homedetails/17205-111th-Ave-Jamaica-NY-11433/32141275_zpid/,"Est. $680,058"
40.687257,-73.979395,736,https://www.zillow.com/homedetails/96-Rockwell-Pl-APT-5C-Brooklyn-NY-11217/116082818_zpid/,"$749,900"
40.623495,-73.956772,"3,500",https://www.zillow.com/homedetails/1909-Avenue-K-Brooklyn-NY-11230/30724825_zpid/,"$2,100,000"
40.888434,-73.843559,"1,188",https://www.zillow.com/homedetails/1171-Grenada-Pl-Bronx-NY-10466/29834780_zpid/,"$539,000"
40.689792,-73.962805,"1,126",https://www.zillow.com/homedetails/372-Dekalb-Ave-APT-2E-Brooklyn-NY-11205/113499195_zpid/,"$995,000"
40.889325,-73.909954,"1,400",https://www.zillow.com/homedetails/3755-Henry-Hudson-Pkwy-APT-3G-Bronx-NY-10463/244445818_zpid/,"$469,000"
40.798017,-73.972395,850,https://www.zillow.com/homedetails/314-W-100th-St-APT-85-New-York-NY-10025/97538403_zpid/,"$1,199,999"
40.70746,-73.753926,,https://www.zillow.com/homedetails/109-27-204th-St-Saint-Albans-NY-11412/2079642538_zpid/,"$660,000"
40.747438,-73.731304,"1,137",https://www.zillow.com/homedetails/242-10B-Oak-Park-Dr-Douglaston-NY-11362/2079648161_zpid/,"$735,000"
40.766594,-73.872875,"3,010",https://www.zillow.com/homedetails/9701-24th-Ave-Flushing-NY-11369/31952505_zpid/,"Est. $1,164,662"
40.692042,-73.955956,900,https://www.zillow.com/homedetails/235-Skillman-St-2-Brooklyn-NY-11205/94716850_zpid/,"$699,000"
40.704307,-73.830413,"4,631",https://www.zillow.com/homedetails/12108-84th-Ave-Jamaica-NY-11415/32117016_zpid/,"$1,780,000"
40.680455,-73.917966,"3,750",https://www.zillow.com/homedetails/193-Sumpter-St-Brooklyn-NY-11233/83043764_zpid/,"Est. $1,113,328"
40.713816,-73.978981,"1,100",https://www.zillow.com/homedetails/572-Grand-St-APT-G505-New-York-NY-10002/119912634_zpid/,"$925,000"
40.707659,-73.827313,750,https://www.zillow.com/homedetails/12416-84th-Rd-APT-2C-Kew-Gardens-NY-11415/109178685_zpid/,"$298,000"
40.818143,-73.818683,"2,400",https://www.zillow.com/homedetails/2850-Miles-Ave-Bronx-NY-10465/29849006_zpid/,"$735,000"
40.635735,-74.170527,"1,350",https://www.zillow.com/homedetails/200-Arlington-Pl-Staten-Island-NY-10303/32301283_zpid/,"$388,000"
40.771603,-73.949418,930,https://www.zillow.com/homedetails/510-E-80th-St-APT-3F-New-York-NY-10075/31545649_zpid/,"$899,000"
40.595049,-74.092111,"1,700",https://www.zillow.com/homedetails/134-Wilson-St-Staten-Island-NY-10304/32326259_zpid/,"$825,000"
40.686721,-73.778991,861,https://www.zillow.com/homedetails/11625-168th-St-Jamaica-NY-11434/32189355_zpid/,"Est. $430,615"
40.779008,-73.986053,"1,000",https://www.zillow.com/homedetails/315-W-70th-St-APT-17A-New-York-NY-10023/121149698_zpid/,"$895,000"
40.754429,-73.822902,"1,250",https://www.zillow.com/homedetails/4355-Kissena-Blvd-APT-6H-Flushing-NY-11355/245365198_zpid/,"$479,000"
40.754428,-73.822904,"1,250",https://www.zillow.com/homedetails/43-55-Kissena-Blvd-6H-Flushing-NY-11355/2079677182_zpid/,"$479,000"
40.743435,-74.002042,,https://www.zillow.com/homedetails/340-W-19th-St-APT-4-New-York-NY-10011/72538172_zpid/,"$875,000"
40.59445,-73.972477,"2,330",https://www.zillow.com/homedetails/25-Village-Ct-Brooklyn-NY-11223/30737736_zpid/,"$1,499,999"
40.526213,-74.167387,"1,154",https://www.zillow.com/homedetails/9-Oceanview-Ave-Staten-Island-NY-10312/32366597_zpid/,"$525,000"
40.765315,-73.767713,"1,200",https://www.zillow.com/homedetails/3917-215th-Pl-Bayside-NY-11361/219889724_zpid/,"$1,150,000"
40.611351,-73.90978,"1,224",https://www.zillow.com/homedetails/2414-E-63rd-St-Brooklyn-NY-11234/300075857_zpid/,"$689,000"
40.678152,-73.811465,"1,292",https://www.zillow.com/homedetails/11538-128th-St-Jamaica-NY-11420/32174008_zpid/,"Est. $585,459"
40.864619,-73.837652,"1,890",https://www.zillow.com/homedetails/2572-Tiemann-Ave-Bronx-NY-10469/29822622_zpid/,"Est. $574,973"
40.685365,-73.863929,"2,320",https://www.zillow.com/homedetails/7606-Rockaway-Blvd-Jamaica-NY-11421/32109021_zpid/,"$845,000"
40.680674,-73.794625,"1,120",https://www.zillow.com/homedetails/11645-146th-St-Jamaica-NY-11436/32182001_zpid/,"$550,000"
40.752324,-73.861732,"1,920",https://www.zillow.com/homedetails/10430-37th-Dr-Flushing-NY-11368/31971432_zpid/,"Est. $899,264"
40.786996,-73.831738,"1,730",https://www.zillow.com/homedetails/1321-137th-St-Flushing-NY-11356/32022380_zpid/,"Est. $872,415"
40.723325,-73.84497,750,https://www.zillow.com/homedetails/6960-108th-St-Forest-Hills-NY-11375/31979108_zpid/,"$355,999"
40.714278,-73.732862,"1,650",https://www.zillow.com/homedetails/22023-101st-Ave-Jamaica-NY-11429/32153023_zpid/,"Est. $665,324"
40.59923,-73.749232,,https://www.zillow.com/homedetails/1522-New-Haven-Ave-Far-Rockaway-NY-11691/2079718266_zpid/,"$125,000"
40.599172,-73.935668,800,https://www.zillow.com/homedetails/2171-Bragg-St-APT-5G-Brooklyn-NY-11229/2131313384_zpid/,"$230,000"
40.638929,-73.897135,816,https://www.zillow.com/homedetails/1356-E-96th-St-Brooklyn-NY-11236/30776221_zpid/,"Est. $510,345"
40.839508,-73.922781,"2,340",https://www.zillow.com/homedetails/1287-Shakespeare-Ave-Bronx-NY-10452/29778470_zpid/,"Est. $614,257"
40.682818,-73.760289,"2,200",https://www.zillow.com/homedetails/12208-Montauk-St-Jamaica-NY-11413/32195505_zpid/,"$799,999"
40.69393,-73.72886,"1,456",https://www.zillow.com/homedetails/115114-232nd-St-Cambria-Heights-NY-11411/2146991049_zpid/,"$700,000"
40.880906,-73.875779,850,https://www.zillow.com/homedetails/3555-Kings-College-Pl-APT-5B-Bronx-NY-10467/244461892_zpid/,"$234,000"
40.710857,-73.734703,"2,652",https://www.zillow.com/homedetails/10423-220th-St-Jamaica-NY-11429/32162493_zpid/,"$960,000"
40.781365,-73.951866,"1,159",https://www.zillow.com/homedetails/1601-3rd-Ave-APT-33K-New-York-NY-10128/61968625_zpid/,"$1,595,000"
40.892398,-73.909103,"3,000",https://www.zillow.com/homedetails/4555-Henry-Hudson-Pkwy-W-11101109-Bronx-NY-10471/2080566661_zpid/,"$1,118,000"
40.844578,-73.817696,"2,450",https://www.zillow.com/homedetails/3274-Griswold-Ave-Bronx-NY-10465/29844201_zpid/,"$1,900,000"
40.743274,-73.746994,,https://www.zillow.com/homedetails/69-64-228th-St-Bayside-NY-11364/2079760062_zpid/,"$1,700,000"
40.590627,-73.791056,800,https://www.zillow.com/homedetails/156-Beach-62nd-St-52A-Far-Rockaway-NY-11692/93393548_zpid/,"$339,000"
40.765098,-73.744293,"1,080",https://www.zillow.com/homedetails/24120-Northern-Blvd-APT-6D-Little-Neck-NY-11362/80381642_zpid/,"$369,000"
40.749895,-73.758824,"1,597",https://www.zillow.com/homedetails/5816-220th-St-Bayside-Hills-NY-11364/32085586_zpid/,"$1,099,000"
40.853937,-73.89626,"1,495",https://www.zillow.com/homedetails/4451-Park-Ave-Bronx-NY-10457/29784122_zpid/,"$539,000"
40.834249,-73.86049,365,https://www.zillow.com/homedetails/1332-Metropolitan-Ave-APT-6B-Bronx-NY-10462/215951943_zpid/,"$129,000"
40.616198,-74.136594,"2,000",https://www.zillow.com/homedetails/305-Demorest-Ave-Staten-Island-NY-10314/32283008_zpid/,"$649,000"
40.722721,-73.903499,"2,040",https://www.zillow.com/homedetails/6130-Maspeth-Ave-Flushing-NY-11378/31986969_zpid/,"$949,000"
40.728613,-73.733654,"1,420",https://www.zillow.com/homedetails/8934-Moline-St-Jamaica-NY-11428/32091506_zpid/,"$548,000"
40.653752,-73.93573,"1,430",https://www.zillow.com/homedetails/619-Linden-Blvd-Brooklyn-NY-11203/30658525_zpid/,"Est. $585,893"
40.734485,-73.851548,"1,100",https://www.zillow.com/homedetails/10538-63rd-Ave-Flushing-NY-11375/31978240_zpid/,"$429,999"
40.675544,-73.846643,,https://www.zillow.com/homedetails/150-06-Hawtree-St-Ozone-Park-NY-11417/2079796743_zpid/,"$499,999"
40.557381,-74.167825,"1,960",https://www.zillow.com/homedetails/377-Bartlett-Ave-Staten-Island-NY-10312/32355257_zpid/,"$685,000"
40.746742,-73.911894,750,https://www.zillow.com/homedetails/3965-52nd-St-Woodside-NY-11377/31956651_zpid/,"$362,000"
40.823819,-73.810457,"1,600",https://www.zillow.com/homedetails/62-Edgewater-Park-A-Bronx-NY-10465/244445101_zpid/,"$399,000"
40.655438,-73.832182,"2,370",https://www.zillow.com/homedetails/1-Bayview-Ave-Howard-Beach-NY-11414/32218096_zpid/,"$839,000"
40.693654,-73.806301,"2,576",https://www.zillow.com/homedetails/14537-105th-Ave-Jamaica-NY-11435/32137275_zpid/,"Est. $811,424"
40.714762,-73.947595,811,https://www.zillow.com/homedetails/88-Conselyea-St-APT-F3-Brooklyn-NY-11211/79710565_zpid/,"$995,000"
40.54746,-74.213888,"1,332",https://www.zillow.com/homedetails/101-Redwood-Loop-Staten-Island-NY-10309/32371505_zpid/,"$399,000"
40.686416,-73.916167,"4,000",https://www.zillow.com/homedetails/1545-Broadway-Brooklyn-NY-11221/30629299_zpid/,"$1,900,000"
40.680491,-73.770075,"1,230",https://www.zillow.com/homedetails/17238-127th-Ave-Jamaica-NY-11434/32191997_zpid/,"$520,000"
40.683246,-73.796743,"1,248",https://www.zillow.com/homedetails/14538-115th-Ave-Jamaica-NY-11436/32181475_zpid/,"$650,000"
40.677916,-73.79489,,https://www.zillow.com/homedetails/119-18-Inwood-St-Jamaica-NY-11436/2080339317_zpid/,"$439,000"
40.570338,-74.108323,736,https://www.zillow.com/homedetails/254-Jacques-Ave-Staten-Island-NY-10306/32334109_zpid/,$--
40.764709,-73.93944,"3,850",https://www.zillow.com/homedetails/3413-9th-St-Long-Island-City-NY-11106/31936127_zpid/,"$3,499,999"
40.758824,-73.736375,749,https://www.zillow.com/homedetails/246-20-57th-Dr-Little-Neck-NY-11362/2079906435_zpid/,"$238,000"
40.614237,-74.143266,950,https://www.zillow.com/homedetails/287-Collfield-Ave-Staten-Island-NY-10314/32283851_zpid/,"$557,000"
40.765151,-73.864473,"1,830",https://www.zillow.com/homedetails/2707-Butler-St-Flushing-NY-11369/31968714_zpid/,"$999,500"
40.848562,-73.897507,800,https://www.zillow.com/homedetails/463-E-178th-St-APT-4C-Bronx-NY-10457/123116759_zpid/,"$89,000"
40.84183,-73.834978,"2,600",https://www.zillow.com/homedetails/1537-Mayflower-Ave-Bronx-NY-10461/29842474_zpid/,"$988,000"
40.747299,-73.757599,"1,584",https://www.zillow.com/homedetails/6148-220th-St-Flushing-NY-11364/32086852_zpid/,"$968,000"
40.749486,-73.880265,771,https://www.zillow.com/homedetails/37-27-86-2E-Jackson-Heights-NY-11372/2079923755_zpid/,"$439,995"
40.636187,-73.975751,"1,410",https://www.zillow.com/homedetails/651-E-3rd-St-Brooklyn-NY-11218/30675077_zpid/,"$1,900,000"
40.591314,-74.083973,"1,108",https://www.zillow.com/homedetails/183-Benton-Ave-Staten-Island-NY-10305/32327362_zpid/,"$669,000"
40.682032,-73.885497,"2,880",https://www.zillow.com/homedetails/66-Elton-St-Brooklyn-NY-11208/30637346_zpid/,"Est. $848,279"
40.681682,-73.905492,"3,096",https://www.zillow.com/homedetails/45-De-Sales-Pl-Brooklyn-NY-11207/83045267_zpid/,"Est. $1,235,405"
40.684316,-73.906871,"3,180",https://www.zillow.com/homedetails/84-Pilling-St-Brooklyn-NY-11207/30631171_zpid/,"Est. $846,620"
40.617949,-74.122458,"1,460",https://www.zillow.com/homedetails/260-Utter-Ave-Staten-Island-NY-10314/32280127_zpid/,$--
40.763201,-73.737985,"1,177",https://www.zillow.com/homedetails/24619-Cambria-Ave-Flushing-NY-11362/32094992_zpid/,"$849,000"
40.835142,-73.818662,"1,678",https://www.zillow.com/homedetails/3252-Layton-Ave-Bronx-NY-10465/29845862_zpid/,"$665,000"
40.624317,-73.926134,"1,540",https://www.zillow.com/homedetails/1485-E-51st-St-Brooklyn-NY-11234/30762265_zpid/,"Est. $595,048"
40.639259,-73.897573,"2,122",https://www.zillow.com/homedetails/9-Holmes-Ln-Brooklyn-NY-11236/68314744_zpid/,"Est. $702,685"
40.820082,-73.903946,"1,800",https://www.zillow.com/homedetails/830-Tinton-Ave-1-Bronx-NY-10456/2079974441_zpid/,"$549,000"
40.878363,-73.852122,"1,890",https://www.zillow.com/homedetails/1319-Needham-Ave-Bronx-NY-10469/29828706_zpid/,"$550,000"
40.62892,-73.968097,500,https://www.zillow.com/homedetails/824-E-9th-St-APT-6L-Brooklyn-NY-11230/245016116_zpid/,"$200,000"
40.88201,-73.859992,"5,985",https://www.zillow.com/homedetails/3750-Barnes-Ave-Bronx-NY-10467/29827246_zpid/,"$750,000"
40.721911,-73.852477,"1,200",https://www.zillow.com/homedetails/67119-Burns-St-Flushing-NY-11375/32004241_zpid/,"$995,000"
40.57699,-73.957804,"1,069",https://www.zillow.com/homedetails/75-Oceana-Dr-E-APT-3D-Brooklyn-NY-11235/2079985503_zpid/,"$749,000"
40.855744,-73.790842,"1,560",https://www.zillow.com/homedetails/639-Minnieford-Ave-Bronx-NY-10464/29850700_zpid/,"Est. $730,775"
40.685199,-73.800464,924,https://www.zillow.com/homedetails/11144-144th-St-Jamaica-NY-11435/32180281_zpid/,$--
40.852616,-73.831473,"2,500",https://www.zillow.com/homedetails/2889-E-194th-St-Bronx-NY-10461/29816900_zpid/,"$995,000"
40.88996,-73.838437,"2,904",https://www.zillow.com/homedetails/3940-Hill-Ave-Bronx-NY-10466/29835271_zpid/,"$690,000"
40.864279,-73.858059,,https://www.zillow.com/homedetails/2539-Hone-Ave-Bronx-NY-10469/112506108_zpid/,"$279,000"
40.902978,-73.89878,"1,240",https://www.zillow.com/homedetails/5455-Sylvan-Ave-Riverdale-NY-10471/29853036_zpid/,"$575,000"
40.739912,-73.982012,"1,600",https://www.zillow.com/homedetails/333-Park-Ave-S-APT-2D-New-York-NY-10010/2117865387_zpid/,"$1,930,000"
40.572032,-74.098393,"1,164",https://www.zillow.com/homedetails/482-Greeley-Ave-Staten-Island-NY-10306/32333516_zpid/,"Est. $549,232"
40.689565,-73.9981,"4,200",https://www.zillow.com/homedetails/82-Amity-St-Brooklyn-NY-11201/30568340_zpid/,"$5,995,000"
40.615024,-74.063647,"2,733",https://www.zillow.com/homedetails/20-Hylan-Blvd-Staten-Island-NY-10305/32317961_zpid/,"$1,780,000"
40.846026,-73.85324,"1,440",https://www.zillow.com/homedetails/1620A-Paulding-Ave-1-Bronx-NY-10462/2091089820_zpid/,"$625,000"
40.68928,-73.933027,"2,400",https://www.zillow.com/homedetails/169-Stuyvesant-Ave-Brooklyn-NY-11221/30603156_zpid/,"Est. $1,118,435"
40.883404,-73.864841,"1,650",https://www.zillow.com/homedetails/3755-Willett-Ave-Bronx-NY-10467/29826364_zpid/,"Est. $751,431"
40.732841,-73.89981,700,https://www.zillow.com/homedetails/5221-65th-Pl-APT-3K-Maspeth-NY-11378/2080061981_zpid/,"$325,000"
40.680616,-73.788784,786,https://www.zillow.com/homedetails/11816-154th-St-Jamaica-NY-11434/32186780_zpid/,"Est. $542,221"
40.760216,-73.893559,"1,764",https://www.zillow.com/homedetails/7404-30th-Ave-Flushing-NY-11370/31953512_zpid/,"$1,100,000"
40.60135,-73.940768,"3,184",https://www.zillow.com/homedetails/2055-Haring-St-Brooklyn-NY-11229/30743927_zpid/,"$1,350,000"
40.81081,-73.80616,,https://www.zillow.com/homedetails/21-Poplar-Ave-Bronx-NY-10465/2115891177_zpid/,"$450,000"
40.587364,-73.81427,,https://www.zillow.com/homedetails/211-Beach-90th-St-Rockaway-Beach-NY-11693/2080090706_zpid/,"$989,000"
40.73403,-73.994579,"1,200",https://www.zillow.com/homedetails/43-5th-Ave-1N-New-York-NY-10003/244787295_zpid/,"$1,850,000"
40.723482,-73.821264,"1,730",https://www.zillow.com/homedetails/14152-73rd-Ter-Flushing-NY-11367/32067791_zpid/,"Est. $895,735"
40.693325,-73.789731,"1,500",https://www.zillow.com/homedetails/10953-Union-Hall-St-Jamaica-NY-11433/32185008_zpid/,"Est. $674,464"
40.654961,-73.736111,"1,088",https://www.zillow.com/homedetails/25314-148th-Ave-Jamaica-NY-11422/32211887_zpid/,"$524,999"
40.594583,-74.185277,"1,480",https://www.zillow.com/homedetails/10-Simmons-Ln-Staten-Island-NY-10314/32317218_zpid/,"Est. $401,492"
40.582141,-74.157352,"2,400",https://www.zillow.com/homedetails/39-Essex-Dr-Staten-Island-NY-10314/58577552_zpid/,"$799,000"
40.578554,-74.156414,"1,008",https://www.zillow.com/homedetails/149-Pierpont-Pl-Staten-Island-NY-10314/32316283_zpid/,"Est. $345,238"
40.642578,-73.900458,"1,696",https://www.zillow.com/homedetails/1183-E-96th-St-Brooklyn-NY-11236/30774423_zpid/,"Est. $616,440"
40.655736,-73.928058,"4,140",https://www.zillow.com/homedetails/853-Lenox-Rd-Brooklyn-NY-11203/30651807_zpid/,"$919,000"
40.637555,-74.08544,"1,566",https://www.zillow.com/homedetails/193-Corson-Ave-Staten-Island-NY-10301/32271083_zpid/,"Est. $436,570"
40.851886,-73.896046,"1,296",https://www.zillow.com/homedetails/455-E-180th-St-Bronx-NY-10457/29784193_zpid/,"Est. $548,372"
40.651281,-73.945226,"3,600",https://www.zillow.com/homedetails/3411-Church-Ave-Brooklyn-NY-11203/30658817_zpid/,"$1,195,000"
40.681406,-73.788487,836,https://www.zillow.com/homedetails/15405-118th-Ave-Jamaica-NY-11434/32186625_zpid/,"Est. $420,749"
40.498702,-74.241157,"2,650",https://www.zillow.com/homedetails/457-Brighton-St-Staten-Island-NY-10307/32375787_zpid/,"Est. $798,296"
40.676691,-73.962535,"2,304",https://www.zillow.com/homedetails/619-Grand-Ave-Brooklyn-NY-11238/30590061_zpid/,"Est. $1,658,938"
40.656118,-73.916367,"3,520",https://www.zillow.com/homedetails/478-E-96th-St-Brooklyn-NY-11212/30653285_zpid/,"$1,200,000"
40.605859,-73.942574,968,https://www.zillow.com/homedetails/3203-Nostrand-Ave-APT-6B-Brooklyn-NY-11229/124862007_zpid/,"$499,999"
40.7326,-73.86122,650,https://www.zillow.com/homedetails/97-40-62nd-Drive-Rego-Park-NY-11374/2099450872_zpid/,"$350,000"
40.517534,-74.232705,"1,800",https://www.zillow.com/homedetails/25-Murray-St-Staten-Island-NY-10309/32377022_zpid/,"$699,000"
40.664638,-73.914977,"1,512",https://www.zillow.com/homedetails/126-Blake-Ave-Brooklyn-NY-11212/30632458_zpid/,"Est. $449,000"
40.58862,-73.9583,,https://www.zillow.com/homedetails/2555-E-12th-St-Z-Brooklyn-NY-11235/2110515496_zpid/,"$275,000"
40.588532,-73.989497,"1,379",https://www.zillow.com/homedetails/2701-Cropsey-Ave-APT-2C-Brooklyn-NY-11214/68314568_zpid/,"$799,000"
40.623635,-74.158278,"1,159",https://www.zillow.com/homedetails/38-Eleanor-Pl-Staten-Island-NY-10303/32307073_zpid/,"Est. $375,173"
40.722167,-73.806914,"1,350",https://www.zillow.com/homedetails/16023-78th-Rd-Flushing-NY-11366/32072951_zpid/,"$853,000"
40.632152,-73.902345,,https://www.zillow.com/homedetails/1313-E-98th-St-Brooklyn-NY-11236/2080281763_zpid/,"$579,999"
40.675313,-73.931118,"1,728",https://www.zillow.com/homedetails/1581-Bergen-St-Brooklyn-NY-11213/30595842_zpid/,"$810,000"
40.630215,-73.905626,931,https://www.zillow.com/homedetails/1263-E-80th-St-42-Brooklyn-NY-11236/30770884_zpid/,"Est. $367,435"
40.691899,-73.813199,"1,632",https://www.zillow.com/homedetails/10230-134th-St-Jamaica-NY-11419/32124664_zpid/,"Est. $674,023"
40.678107,-73.765614,"2,100",https://www.zillow.com/homedetails/13060-176th-Pl-Jamaica-NY-11434/79746927_zpid/,"Est. $771,338"
40.697415,-73.742279,"1,460",https://www.zillow.com/homedetails/11606-217th-St-Jamaica-NY-11411/32165951_zpid/,"Est. $506,862"
40.697869,-73.751019,"13,604",https://www.zillow.com/homedetails/11528-203rd-St-Saint-Albans-NY-11412/32159658_zpid/,"Est. $506,165"
40.577636,-74.007873,"2,720",https://www.zillow.com/homedetails/3854-Laurel-Ave-Brooklyn-NY-11224/30732572_zpid/,"Est. $919,471"
40.675743,-73.822474,"1,556",https://www.zillow.com/homedetails/11530-116th-St-Jamaica-NY-11420/32175058_zpid/,"Est. $561,232"
40.771755,-73.889549,"1,224",https://www.zillow.com/homedetails/1948-81st-St-Flushing-NY-11370/31949814_zpid/,"Est. $819,757"
40.758038,-73.883636,"2,000",https://www.zillow.com/homedetails/3149-84th-St-Flushing-NY-11370/31961411_zpid/,"Est. $976,774"
40.758038,-73.883636,"2,000",https://www.zillow.com/homedetails/3149-84th-St-Flushing-NY-11370/31961411_zpid/,"Est. $976,774"
40.771755,-73.889549,"1,224",https://www.zillow.com/homedetails/1948-81st-St-Flushing-NY-11370/31949814_zpid/,"Est. $819,757"
40.892326,-73.847414,"2,341",https://www.zillow.com/homedetails/1815-Edenwald-Ave-Bronx-NY-10466/29837082_zpid/,"Est. $583,251"
40.674059,-73.924054,"1,396",https://www.zillow.com/homedetails/1337-Saint-Marks-Ave-Brooklyn-NY-11233/30596009_zpid/,"$799,999"
40.830955,-73.8649,"2,400",https://www.zillow.com/homedetails/1228-Taylor-Ave-Bronx-NY-10472/29795468_zpid/,"Est. $675,697"
40.660764,-73.896826,"2,120",https://www.zillow.com/homedetails/314-Newport-St-Brooklyn-NY-11212/2080301619_zpid/,"$829,999"
40.685844,-73.777509,880,https://www.zillow.com/homedetails/16904-Foch-Blvd-Jamaica-NY-11434/32189764_zpid/,"Est. $440,676"
40.564223,-74.182639,"1,456",https://www.zillow.com/homedetails/53-Hinton-St-Staten-Island-NY-10312/62724026_zpid/,"$675,000"
40.633486,-73.901661,,https://www.zillow.com/homedetails/1173-E-87th-St-Brooklyn-NY-11236/2080305164_zpid/,"$939,999"
40.65779,-73.90392,,https://www.zillow.com/homedetails/928-Mother-Gaston-Blvd-Brooklyn-NY-11212/2085888517_zpid/,"$549,999"
40.864193,-73.867909,,https://www.zillow.com/homedetails/2550-Olinville-Ave-6J-Bronx-NY-10467/215953119_zpid/,"$250,000"
40.668155,-73.822332,"3,000",https://www.zillow.com/homedetails/14923-118th-St-Jamaica-NY-11420/32178529_zpid/,"Est. $958,334"
40.664284,-73.77935,"1,148",https://www.zillow.com/homedetails/14432-159th-St-Jamaica-NY-11434/32218572_zpid/,"Est. $511,821"
40.705814,-73.766845,"1,248",https://www.zillow.com/homedetails/10429-Farmers-Blvd-Jamaica-NY-11412/32154736_zpid/,$--
40.679471,-73.762308,"1,826",https://www.zillow.com/homedetails/17826-130th-Rd-Jamaica-NY-11434/32192327_zpid/,"Est. $733,647"
40.501704,-74.237988,820,https://www.zillow.com/homedetails/195-Winding-Woods-Loop-Staten-Island-NY-10307/2136904715_zpid/,"$349,000"
40.682956,-73.802821,"1,505",https://www.zillow.com/homedetails/11423-140th-St-Jamaica-NY-11436/32180806_zpid/,"$649,000"
40.773092,-73.959146,934,https://www.zillow.com/homedetails/170-E-77th-St-APT-6F-New-York-NY-10075/89329558_zpid/,"$995,000"
40.63,-73.890271,903,https://www.zillow.com/homedetails/1803-E-92nd-St-Brooklyn-NY-11236/30779800_zpid/,"$549,000"
40.671145,-73.844073,"1,960",https://www.zillow.com/homedetails/9003-Albert-Rd-Jamaica-NY-11417/32167829_zpid/,"$735,000"
40.759593,-73.727931,950,https://www.zillow.com/homedetails/251-11-60th-Ave-1E-Little-Neck-NY-11362/2080353285_zpid/,"$350,000"
40.528194,-74.189843,"2,531",https://www.zillow.com/homedetails/145-Prall-Ave-Staten-Island-NY-10312/32367342_zpid/,"$899,000"
40.553336,-74.154765,"1,344",https://www.zillow.com/homedetails/348-Dewey-Ave-Staten-Island-NY-10308/244595484_zpid/,"$629,000"
40.78177,-73.782011,"489,440",https://www.zillow.com/homedetails/21140-18th-Ave-APT-6D5-Bayside-NY-11360/245436829_zpid/,"$356,000"
40.595655,-73.799409,"2,400",https://www.zillow.com/homedetails/6924-Elizabeth-Ave-Far-Rockaway-NY-11692/32225020_zpid/,"Est. $604,635"
40.666365,-73.870236,"3,952",https://www.zillow.com/homedetails/1124-Loring-Ave-Brooklyn-NY-11208/83042753_zpid/,"Est. $919,481"
40.651391,-73.731464,"1,296",https://www.zillow.com/homedetails/14954-258th-St-Jamaica-NY-11422/32212663_zpid/,"Est. $399,217"
40.692946,-73.741586,"1,120",https://www.zillow.com/homedetails/11826-220th-St-Jamaica-NY-11411/32196706_zpid/,"Est. $531,049"
40.665736,-73.952775,"105,675",https://www.zillow.com/homedetails/345-Montgomery-St-APT-2L-Brooklyn-NY-11225/245017711_zpid/,"Est. $443,994"
40.657403,-73.829579,"1,280",https://www.zillow.com/homedetails/44-Broadway-Jamaica-NY-11414/32218212_zpid/,"Est. $448,744"
40.686335,-73.778766,902,https://www.zillow.com/homedetails/11641-168th-St-Jamaica-NY-11434/32189348_zpid/,"Est. $447,109"
40.694041,-73.750726,"1,100",https://www.zillow.com/homedetails/11726-201st-Pl-Jamaica-NY-11412/32193877_zpid/,$--
40.697718,-73.753819,"1,280",https://www.zillow.com/homedetails/19920-115th-Ave-Jamaica-NY-11412/32159500_zpid/,"Est. $475,135"
40.685656,-73.962567,"2,520",https://www.zillow.com/homedetails/364-Grand-Ave-Brooklyn-NY-11238/30613384_zpid/,"Est. $2,275,796"
40.68909,-73.9139,"2,750",https://www.zillow.com/homedetails/1090-Hancock-St-Brooklyn-NY-11221/68313890_zpid/,"Est. $1,116,998"
40.699481,-73.744347,"2,392",https://www.zillow.com/homedetails/11531-209th-St-Jamaica-NY-11411/32159900_zpid/,"Est. $703,129"
40.67829,-73.790652,"1,324",https://www.zillow.com/homedetails/15013-120th-Ave-Jamaica-NY-11434/32186910_zpid/,"Est. $605,995"
40.70777,-73.762005,"2,360",https://www.zillow.com/homedetails/10403-196th-St-Jamaica-NY-11412/32154918_zpid/,"Est. $779,833"
40.674925,-73.793788,"1,036",https://www.zillow.com/homedetails/14508-123rd-Ave-Jamaica-NY-11436/32183231_zpid/,"Est. $470,925"
40.681618,-73.914387,"5,601",https://www.zillow.com/homedetails/373-Marion-St-Brooklyn-NY-11233/30600234_zpid/,$--
40.588609,-73.806764,909,https://www.zillow.com/homedetails/221-Beach-80th-St-APT-4J-Rockaway-Beach-NY-11693/79745056_zpid/,"Est. $302,344"
40.684766,-73.797627,"1,068",https://www.zillow.com/homedetails/11415-Inwood-St-Jamaica-NY-11436/32181059_zpid/,"Est. $454,349"
40.671294,-73.878853,"2,500",https://www.zillow.com/homedetails/295-Berriman-St-Brooklyn-NY-11208/68310564_zpid/,"Est. $763,410"
40.663124,-73.855184,"3,448",https://www.zillow.com/homedetails/155-23-Sapphire-St-Jamaica-NY-11414/62742070_zpid/,"Est. $981,591"
40.574989,-73.849712,"2,280",https://www.zillow.com/homedetails/13103-Rockaway-Beach-Blvd-Far-Rockaway-NY-11694/32228083_zpid/,"Est. $1,295,673"
40.611064,-73.978521,"1,258",https://www.zillow.com/homedetails/1440-W-4th-St-APT-3A-Brooklyn-NY-11204/59996119_zpid/,"Est. $499,008"
40.670333,-73.74433,"1,700",https://www.zillow.com/homedetails/13834-230th-St-Laurelton-NY-11413/32205122_zpid/,"Est. $535,085"
40.69467,-73.800049,"2,650",https://www.zillow.com/homedetails/15022-107th-Ave-Jamaica-NY-11433/32138124_zpid/,$--
40.70753,-73.87543,"2,850",https://www.zillow.com/homedetails/6979-75th-St-Flushing-NY-11379/32017129_zpid/,$--
40.692946,-73.741586,"1,120",https://www.zillow.com/homedetails/11826-220th-St-Jamaica-NY-11411/32196706_zpid/,"Est. $531,049"
40.665736,-73.952775,"105,675",https://www.zillow.com/homedetails/345-Montgomery-St-APT-2L-Brooklyn-NY-11225/245017711_zpid/,"Est. $443,994"
40.657403,-73.829579,"1,280",https://www.zillow.com/homedetails/44-Broadway-Jamaica-NY-11414/32218212_zpid/,"Est. $448,744"
40.681618,-73.914387,"5,601",https://www.zillow.com/homedetails/373-Marion-St-Brooklyn-NY-11233/30600234_zpid/,$--
40.649196,-73.840627,"3,000",https://www.zillow.com/homedetails/16442-90th-St-Jamaica-NY-11414/32216561_zpid/,$--
40.666365,-73.870236,"3,952",https://www.zillow.com/homedetails/1124-Loring-Ave-Brooklyn-NY-11208/83042753_zpid/,"Est. $919,481"
40.694041,-73.750726,"1,100",https://www.zillow.com/homedetails/11726-201st-Pl-Jamaica-NY-11412/32193877_zpid/,$--
40.711005,-73.772239,"1,206",https://www.zillow.com/homedetails/9112-187th-Pl-Jamaica-NY-11423/32134836_zpid/,"Est. $511,159"
40.686335,-73.778766,902,https://www.zillow.com/homedetails/11641-168th-St-Jamaica-NY-11434/32189348_zpid/,"Est. $447,109"
40.685656,-73.962567,"2,520",https://www.zillow.com/homedetails/364-Grand-Ave-Brooklyn-NY-11238/30613384_zpid/,"Est. $2,275,796"
40.699481,-73.744347,"2,392",https://www.zillow.com/homedetails/11531-209th-St-Jamaica-NY-11411/32159900_zpid/,"Est. $703,129"
40.642896,-73.904913,880,https://www.zillow.com/homedetails/1111-E-93rd-St-401-Brooklyn-NY-11236/30773932_zpid/,"Est. $342,938"
40.684825,-73.798273,888,https://www.zillow.com/homedetails/11406-Inwood-St-Jamaica-NY-11436/32180940_zpid/,"Est. $421,612"
40.615982,-73.911558,972,https://www.zillow.com/homedetails/2127-E-64th-St-Brooklyn-NY-11234/30783444_zpid/,"Est. $746,894"
40.649927,-73.951076,"1,344",https://www.zillow.com/homedetails/139-Erasmus-St-Brooklyn-NY-11226/30666445_zpid/,"Est. $870,309"
40.681887,-73.743708,"1,280",https://www.zillow.com/homedetails/13058-224th-St-Laurelton-NY-11413/32199448_zpid/,"Est. $520,336"
40.63068,-73.939411,"2,890",https://www.zillow.com/homedetails/1005-E-38th-St-Brooklyn-NY-11210/30758454_zpid/,$--
40.689988,-73.78254,"1,336",https://www.zillow.com/homedetails/11406-167th-St-Jamaica-NY-11434/79728991_zpid/,"Est. $755,530"
40.754556,-73.861951,"3,230",https://www.zillow.com/homedetails/3453-106th-St-Flushing-NY-11368/31970514_zpid/,"Est. $1,378,053"
40.754209,-73.820854,"2,320",https://www.zillow.com/homedetails/4325-Union-St-Flushing-NY-11355/32042031_zpid/,"Est. $1,277,037"
40.789425,-73.974519,528,https://www.zillow.com/homedetails/211-W-88th-St-APT-4B-New-York-NY-10024/97513544_zpid/,"Est. $660,306"
40.730495,-73.871104,"2,440",https://www.zillow.com/homedetails/6047-Woodhaven-Blvd-Flushing-NY-11373/31998791_zpid/,"Est. $1,358,139"
40.745668,-73.853819,"2,356",https://www.zillow.com/homedetails/10858-49th-Ave-Flushing-NY-11368/31976293_zpid/,"Est. $1,181,847"
40.741813,-73.871429,"2,489",https://www.zillow.com/homedetails/9218-48th-Ave-Flushing-NY-11373/31972827_zpid/,$--
40.764507,-73.879705,"3,100",https://www.zillow.com/homedetails/2437-89th-St-Flushing-NY-11369/31952832_zpid/,"Est. $1,305,898"
40.86998,-73.837168,"1,671",https://www.zillow.com/homedetails/2923-Bruner-Ave-Bronx-NY-10469/29831339_zpid/,"Est. $513,541"
40.761339,-73.887583,"1,548",https://www.zillow.com/homedetails/8019-30th-Ave-Flushing-NY-11370/31951895_zpid/,"Est. $843,097"
40.717288,-73.883824,"1,472",https://www.zillow.com/homedetails/6309-71st-St-Flushing-NY-11379/31995409_zpid/,"Est. $817,706"
40.771565,-73.793003,"1,504",https://www.zillow.com/homedetails/2805-172nd-St-Flushing-NY-11358/32057412_zpid/,"Est. $731,753"
40.759203,-73.872349,"2,196",https://www.zillow.com/homedetails/3149-96th-St-Flushing-NY-11369/31961918_zpid/,"Est. $837,347"
40.740907,-73.873406,"1,681",https://www.zillow.com/homedetails/4821-91st-St-Flushing-NY-11373/31972450_zpid/,"Est. $950,777"
40.717288,-73.883824,"1,472",https://www.zillow.com/homedetails/6309-71st-St-Flushing-NY-11379/31995409_zpid/,"Est. $817,706"
40.761339,-73.887583,"1,548",https://www.zillow.com/homedetails/8019-30th-Ave-Flushing-NY-11370/31951895_zpid/,"Est. $843,097"
40.722152,-73.911154,"2,750",https://www.zillow.com/homedetails/5824-57th-Rd-Flushing-NY-11378/143416683_zpid/,"Est. $1,313,262"
40.789425,-73.974519,528,https://www.zillow.com/homedetails/211-W-88th-St-APT-4B-New-York-NY-10024/97513544_zpid/,"Est. $660,306"
40.761901,-73.810431,"1,040",https://www.zillow.com/homedetails/15416-Barclay-Ave-Flushing-NY-11355/32045068_zpid/,"Est. $820,042"
40.786232,-73.78604,"1,190",https://www.zillow.com/homedetails/1325-Estates-Ln-Flushing-NY-11360/32055124_zpid/,"Est. $721,874"
40.724314,-73.803212,"1,188",https://www.zillow.com/homedetails/16438-77th-Ave-Flushing-NY-11366/32075646_zpid/,$--
40.727393,-73.715402,"1,470",https://www.zillow.com/homedetails/8916-250th-St-Jamaica-NY-11426/32101680_zpid/,"Est. $625,198"
40.8959,-73.845117,"3,198",https://www.zillow.com/homedetails/4219-Baychester-Ave-Bronx-NY-10466/29837517_zpid/,$--
40.739399,-73.854448,"2,164",https://www.zillow.com/homedetails/10534-Otis-Ave-Flushing-NY-11368/31975019_zpid/,"Est. $1,033,644"
40.601847,-73.970815,670,https://www.zillow.com/homedetails/394-Avenue-S-4C-Brooklyn-NY-11223/79728069_zpid/,"$275,000"
40.884072,-73.853189,"2,440",https://www.zillow.com/homedetails/961-E-223rd-St-Bronx-NY-10466/29832816_zpid/,"Est. $605,439"
40.630583,-74.148857,"1,144",https://www.zillow.com/homedetails/233-Granite-Ave-Staten-Island-NY-10303/32298922_zpid/,"Est. $321,874"
40.697434,-73.760399,"1,616",https://www.zillow.com/homedetails/190-33-117th-Rd-Saint-Albans-NY-11412/2080406594_zpid/,"$265,000"
40.715133,-73.79269,"1,660",https://www.zillow.com/homedetails/17342-82nd-Ave-Jamaica-NY-11432/2080409764_zpid/,"$980,000"
40.767747,-73.912792,,https://www.zillow.com/homedetails/2451-38th-St-D5-Astoria-NY-11103/2080417928_zpid/,"$820,000"
40.718466,-73.860192,700,https://www.zillow.com/homedetails/99-52-66th-Rdapt-5R-Rego-Park-NY-11374/2080420264_zpid/,"$299,000"
40.600512,-74.081824,"1,092",https://www.zillow.com/homedetails/14-Leslie-Ave-Staten-Island-NY-10305/32324663_zpid/,"$1,100,000"
40.852284,-73.932897,"2,520",https://www.zillow.com/homedetails/633-W-185th-St-New-York-NY-10033/31553863_zpid/,"Est. $1,472,654"
40.852866,-73.90061,"2,696",https://www.zillow.com/homedetails/2080-Ryer-Ave-Bronx-NY-10457/29785757_zpid/,"$799,000"
40.744425,-73.748714,"1,140",https://www.zillow.com/homedetails/6916-Cloverdale-Blvd-Flushing-NY-11364/32088376_zpid/,"$1,275,000"
40.885004,-73.866047,900,https://www.zillow.com/homedetails/3804-Bronx-Blvd-Bronx-NY-10467/79723441_zpid/,"Est. $771,489"
40.806508,-73.853532,"1,377",https://www.zillow.com/homedetails/327-Admiral-Ln-1327D-Bronx-NY-10473/29790101_zpid/,"Est. $456,325"
40.524548,-74.212897,"4,376",https://www.zillow.com/homedetails/6203-Amboy-Rd-Staten-Island-NY-10309/32371041_zpid/,"Est. $1,132,305"
40.59871,-74.133313,"2,050",https://www.zillow.com/homedetails/66-Oakville-St-Staten-Island-NY-10314/32307627_zpid/,"Est. $602,563"
40.669456,-73.791969,"1,020",https://www.zillow.com/homedetails/13026-147th-St-Jamaica-NY-11436/32184549_zpid/,"Est. $470,131"
40.652143,-73.738088,"2,208",https://www.zillow.com/homedetails/24510-149th-Rd-Jamaica-NY-11422/32211717_zpid/,"Est. $811,042"
40.679322,-73.819384,"1,568",https://www.zillow.com/homedetails/12007-Linden-Blvd-Jamaica-NY-11420/32172243_zpid/,"Est. $637,192"
40.662743,-73.764753,"1,200",https://www.zillow.com/homedetails/14601-181st-St-Springfield-Gardens-NY-11413/32207789_zpid/,$--
40.617068,-74.130501,"2,772",https://www.zillow.com/homedetails/139-Sawyer-Ave-Staten-Island-NY-10314/32281829_zpid/,"Est. $903,058"
40.638573,-74.135617,"3,600",https://www.zillow.com/homedetails/78-Faber-St-Staten-Island-NY-10302/32297349_zpid/,"Est. $691,216"
40.684122,-73.819789,"1,473",https://www.zillow.com/homedetails/10729-122nd-St-Jamaica-NY-11419/32128862_zpid/,"Est. $622,309"
40.630517,-74.157337,840,https://www.zillow.com/homedetails/17-Continental-Pl-Staten-Island-NY-10303/32299883_zpid/,"Est. $395,997"
40.637021,-74.13713,"1,944",https://www.zillow.com/homedetails/77-Harrison-Ave-Staten-Island-NY-10302/32297408_zpid/,$--
40.555967,-74.179456,"1,302",https://www.zillow.com/homedetails/92-Alexander-Ave-Staten-Island-NY-10312/32358421_zpid/,"Est. $534,279"
40.664066,-73.773879,"1,978",https://www.zillow.com/homedetails/16730-145th-Ave-Jamaica-NY-11434/32207008_zpid/,"Est. $691,827"
40.675467,-73.824488,"1,500",https://www.zillow.com/homedetails/11554-114th-Pl-Jamaica-NY-11420/32174979_zpid/,"Est. $705,969"
40.689982,-73.926402,"3,360",https://www.zillow.com/homedetails/791-Quincy-St-Brooklyn-NY-11221/83044496_zpid/,"Est. $1,412,990"
40.753524,-73.932628,"2,376",https://www.zillow.com/homedetails/3814-31st-St-Long-Island-City-NY-11101/31936542_zpid/,"Est. $1,494,432"
40.832267,-73.928647,"2,710",https://www.zillow.com/homedetails/977-Woodycrest-Ave-Bronx-NY-10452/29778372_zpid/,$--
40.713034,-73.750131,"1,400",https://www.zillow.com/homedetails/9934-Bellaire-Pl-Jamaica-NY-11429/32154005_zpid/,"Est. $560,719"
40.837613,-73.856454,650,https://www.zillow.com/homedetails/2055-Saint-Raymond-Ave-2G-Bronx-NY-10462/29805296_zpid/,"$190,000"
40.679482,-73.909338,"2,430",https://www.zillow.com/homedetails/160-Hull-St-Brooklyn-NY-11233/30601014_zpid/,"Est. $1,143,126"
40.559535,-74.125965,960,https://www.zillow.com/homedetails/313-Montreal-Ave-Staten-Island-NY-10306/32343836_zpid/,"$675,000"
40.7679,-73.88951,876,https://www.zillow.com/homedetails/2210-80th-St-APT-3F-East-Elmhurst-NY-11370/2084248764_zpid/,"$559,000"
40.667363,-73.760606,"2,465",https://www.zillow.com/homedetails/18316-144th-Ave-Jamaica-NY-11413/112518381_zpid/,"Est. $756,382"
40.685032,-73.956292,"3,120",https://www.zillow.com/homedetails/65-Monroe-St-Brooklyn-NY-11216/30614070_zpid/,"Est. $1,717,580"
40.663106,-73.88505,"1,224",https://www.zillow.com/homedetails/711-Schenck-Ave-Brooklyn-NY-11207/30647086_zpid/,"Est. $594,839"
40.595708,-73.928927,"1,024",https://www.zillow.com/homedetails/96-Aster-Ct-Brooklyn-NY-11229/30794632_zpid/,"Est. $577,153"
40.673236,-73.935296,"1,859",https://www.zillow.com/homedetails/1244-Prospect-Pl-Brooklyn-NY-11213/30596140_zpid/,"Est. $915,932"
40.672017,-73.806527,"1,752",https://www.zillow.com/homedetails/13124-Sutter-Ave-Jamaica-NY-11420/32177150_zpid/,"Est. $509,817"
40.63911,-73.906876,988,https://www.zillow.com/homedetails/913-E-88th-St-Brooklyn-NY-11236/30769517_zpid/,"Est. $524,782"
40.67002,-73.782181,"1,492",https://www.zillow.com/homedetails/13414-154th-St-Jamaica-NY-11434/32188170_zpid/,"Est. $658,690"
40.634225,-74.000901,"1,332",https://www.zillow.com/homedetails/1069-56th-St-Brooklyn-NY-11219/30687186_zpid/,"Est. $985,293"
40.545939,-74.209355,"1,422",https://www.zillow.com/homedetails/795-Rossville-Ave-Staten-Island-NY-10309/62711191_zpid/,"Est. $648,456"
40.660597,-73.89896,"2,000",https://www.zillow.com/homedetails/428-Newport-St-Brooklyn-NY-11207/30636195_zpid/,"Est. $681,639"
40.609188,-73.911571,"2,664",https://www.zillow.com/homedetails/2615-Mill-Ave-Brooklyn-NY-11234/30788705_zpid/,"Est. $908,692"
40.675159,-73.884179,"1,188",https://www.zillow.com/homedetails/707-Glenmore-Ave-Brooklyn-NY-11208/30638731_zpid/,"Est. $606,706"
40.622024,-73.933581,"2,912",https://www.zillow.com/homedetails/4314-Flatlands-Ave-Brooklyn-NY-11234/30762751_zpid/,"Est. $878,927"
40.590528,-74.073591,"1,550",https://www.zillow.com/homedetails/40-Mclaughlin-St-Staten-Island-NY-10305/32328255_zpid/,"Est. $583,122"
40.60641,-74.170351,"1,760",https://www.zillow.com/homedetails/310-Graham-Ave-Staten-Island-NY-10314/32310774_zpid/,"Est. $472,733"
40.703994,-73.727974,780,https://www.zillow.com/homedetails/22911-113th-Ave-Jamaica-NY-11429/32163788_zpid/,"Est. $460,276"
40.703097,-73.743921,"1,008",https://www.zillow.com/homedetails/211-07-Colfax-St-Jamaica-NY-11412/32161797_zpid/,"Est. $525,233"
40.68015,-73.771742,"2,800",https://www.zillow.com/homedetails/12714-172nd-St-Jamaica-NY-11434/89025532_zpid/,"Est. $721,507"
40.6693,-73.764176,"1,948",https://www.zillow.com/homedetails/14302-180th-St-Jamaica-NY-11434/32202839_zpid/,"Est. $646,873"
40.510852,-74.24878,"1,440",https://www.zillow.com/homedetails/15-Eden-Ct-Staten-Island-NY-10307/32377341_zpid/,"Est. $469,941"
40.698988,-73.95837,"1,029",https://www.zillow.com/homedetails/417-Flushing-Ave-APT-8B-Brooklyn-NY-11205/79711341_zpid/,"Est. $868,543"
40.662042,-73.934995,"1,800",https://www.zillow.com/homedetails/767-Maple-St-Brooklyn-NY-11203/30657356_zpid/,"Est. $811,477"
40.673035,-73.9332,"1,836",https://www.zillow.com/homedetails/171-Schenectady-Ave-Brooklyn-NY-11213/68310360_zpid/,"Est. $889,023"
40.6296,-74.077487,"1,414",https://www.zillow.com/homedetails/69-Sands-St-Staten-Island-NY-10304/32284362_zpid/,"Est. $217,251"
40.559624,-74.108002,"1,280",https://www.zillow.com/homedetails/295-Finley-Ave-Staten-Island-NY-10306/32335372_zpid/,$--
40.602021,-74.119732,"1,820",https://www.zillow.com/homedetails/23-Ocean-Ter-Staten-Island-NY-10314/32288888_zpid/,$--
40.580104,-73.964586,900,https://www.zillow.com/homedetails/2934-Brighton-4th-St-B-Brooklyn-NY-11235/68312419_zpid/,"Est. $525,492"
40.520637,-74.210136,"2,600",https://www.zillow.com/homedetails/19-Rigimar-Ct-Staten-Island-NY-10309/59820921_zpid/,"Est. $932,613"
40.548541,-74.213478,"1,310",https://www.zillow.com/homedetails/217-Balsam-Pl-Staten-Island-NY-10309/32372431_zpid/,"Est. $420,508"
40.59726,-73.800289,"1,817",https://www.zillow.com/homedetails/6943-Hillmeyer-Ave-Far-Rockaway-NY-11692/32224934_zpid/,"Est. $532,111"
40.508675,-74.246486,"1,680",https://www.zillow.com/homedetails/271-Main-St-Staten-Island-NY-10307/32376434_zpid/,$--
40.563526,-74.186888,"1,510",https://www.zillow.com/homedetails/719-Ilyssa-Way-Staten-Island-NY-10312/32360437_zpid/,"Est. $401,654"
40.653086,-73.739227,"3,120",https://www.zillow.com/homedetails/24421-149th-Ave-Jamaica-NY-11422/32213962_zpid/,"Est. $854,807"
40.69011,-73.868139,"2,248",https://www.zillow.com/homedetails/42-Eldert-Ln-Brooklyn-NY-11208/30641965_zpid/,"Est. $781,854"
40.635668,-74.153721,"1,800",https://www.zillow.com/homedetails/31-Laguna-Ln-Staten-Island-NY-10303/54051007_zpid/,"Est. $445,887"
40.665694,-73.918777,"1,568",https://www.zillow.com/homedetails/102-Grafton-St-Brooklyn-NY-11212/30632009_zpid/,$--
40.63567,-74.166895,"1,001",https://www.zillow.com/homedetails/92-Arlington-Pl-Staten-Island-NY-10303/32301047_zpid/,"Est. $363,368"
40.633108,-73.932207,"1,425",https://www.zillow.com/homedetails/4604-Glendale-Ct-Brooklyn-NY-11234/30758050_zpid/,"Est. $649,531"
40.688675,-73.795005,732,https://www.zillow.com/homedetails/11110-153rd-St-Jamaica-NY-11433/32185059_zpid/,"Est. $778,279"
40.634375,-73.90243,"1,760",https://www.zillow.com/homedetails/8717-Avenue-L-Brooklyn-NY-11236/30770610_zpid/,$--
40.675711,-73.918094,"1,872",https://www.zillow.com/homedetails/2042-Pacific-St-Brooklyn-NY-11233/30598146_zpid/,"Est. $898,231"
40.616466,-74.086012,"1,904",https://www.zillow.com/homedetails/27-Metcalfe-St-Staten-Island-NY-10304/32287647_zpid/,$--
40.561898,-74.106211,"1,260",https://www.zillow.com/homedetails/206-Milton-Ave-Staten-Island-NY-10306/32335173_zpid/,"Est. $630,737"
40.660686,-73.86652,"2,606",https://www.zillow.com/homedetails/12697-12699-Flatlands-Ave-Brooklyn-NY-11208/68310678_zpid/,"Est. $716,331"
40.686519,-73.930448,"2,400",https://www.zillow.com/homedetails/777-Putnam-Ave-Brooklyn-NY-11221/30603983_zpid/,$--
40.664728,-73.916981,"2,640",https://www.zillow.com/homedetails/85-Blake-Ave-Brooklyn-NY-11212/83049217_zpid/,"Est. $691,744"
40.56376,-74.099782,"1,076",https://www.zillow.com/homedetails/35-Wavecrest-St-Staten-Island-NY-10306/64610234_zpid/,"Est. $400,030"
40.620749,-74.15126,"1,180",https://www.zillow.com/homedetails/23-Peter-St-A-Staten-Island-NY-10314/32302756_zpid/,"Est. $400,120"
40.54431,-74.200804,"4,702",https://www.zillow.com/homedetails/20-Venus-Pl-Staten-Island-NY-10312/32363757_zpid/,"Est. $1,209,311"
40.557683,-74.160175,"1,044",https://www.zillow.com/homedetails/360-Barlow-Ave-APT-13-Staten-Island-NY-10308/32353265_zpid/,"Est. $338,660"
40.655741,-73.916562,"3,122",https://www.zillow.com/homedetails/491-E-95th-St-Brooklyn-NY-11212/30653306_zpid/,"Est. $875,803"
40.663132,-73.917521,"2,080",https://www.zillow.com/homedetails/211-Grafton-St-Brooklyn-NY-11212/30632308_zpid/,"Est. $666,680"
40.632656,-74.07776,"2,649",https://www.zillow.com/homedetails/57-Clinton-St-Staten-Island-NY-10304/32284309_zpid/,"Est. $632,638"
40.627128,-73.969916,"1,948",https://www.zillow.com/homedetails/984-E-7th-St-Brooklyn-NY-11230/30715817_zpid/,"Est. $2,334,133"
40.682652,-73.83093,"1,313",https://www.zillow.com/homedetails/10465-110th-St-Jamaica-NY-11419/32125826_zpid/,"Est. $593,954"
40.633456,-74.123297,"1,260",https://www.zillow.com/homedetails/208-Taylor-St-Staten-Island-NY-10310/32276327_zpid/,"Est. $411,434"
40.603065,-73.987588,"1,442",https://www.zillow.com/homedetails/2333-81st-St-Brooklyn-NY-11214/30729342_zpid/,"Est. $909,970"
40.667134,-73.938954,"3,456",https://www.zillow.com/homedetails/1498-President-St-Brooklyn-NY-11213/30597346_zpid/,"Est. $1,318,693"
40.643133,-73.924846,"1,991",https://www.zillow.com/homedetails/5477-Kings-Hwy-Brooklyn-NY-11203/30656352_zpid/,"Est. $683,696"
40.625966,-74.021906,"2,360",https://www.zillow.com/homedetails/572-78th-St-Brooklyn-NY-11209/30696977_zpid/,"Est. $1,348,464"
40.637401,-73.934345,"1,938",https://www.zillow.com/homedetails/1441-Troy-Ave-Brooklyn-NY-11203/30663476_zpid/,"Est. $651,040"
40.877456,-73.857708,"2,559",https://www.zillow.com/homedetails/941-E-213th-St-Bronx-NY-10469/29827563_zpid/,"Est. $638,831"
40.827807,-73.908018,"2,021",https://www.zillow.com/homedetails/498-E-166th-St-Bronx-NY-10456/29777569_zpid/,$--
40.853236,-73.90044,"2,862",https://www.zillow.com/homedetails/2094-Ryer-Ave-Bronx-NY-10457/29785763_zpid/,"Est. $817,430"
40.727544,-74.000154,"5,807",https://www.zillow.com/homedetails/168-Thompson-St-New-York-NY-10012/31497797_zpid/,$--
40.87601,-73.839202,946,https://www.zillow.com/homedetails/3255-Ely-Ave-Bronx-NY-10469/29830344_zpid/,$--
40.740344,-73.854548,"3,024",https://www.zillow.com/homedetails/10613-Otis-Ave-Flushing-NY-11368/31974866_zpid/,"Est. $1,074,093"
40.711702,-73.757274,"1,280",https://www.zillow.com/homedetails/9914-203rd-St-Jamaica-NY-11423/32153869_zpid/,"Est. $612,996"
40.740864,-73.870215,"2,350",https://www.zillow.com/homedetails/9314-50th-Ave-Flushing-NY-11373/31972922_zpid/,"Est. $1,377,030"
40.885632,-73.868693,"1,566",https://www.zillow.com/homedetails/3546-Webster-Ave-Bronx-NY-10467/29788948_zpid/,$--
40.626501,-73.940404,"1,080",https://www.zillow.com/homedetails/1234-E-37th-St-Brooklyn-NY-11210/30752888_zpid/,"$899,999"
40.749958,-73.89785,,https://www.zillow.com/homedetails/3514-65th-St-Woodside-NY-11377/2134450104_zpid/,"$1,299,990"
40.812545,-73.887203,"1,438",https://www.zillow.com/homedetails/613-Coster-St-Bronx-NY-10474/29781278_zpid/,"$525,000"
40.66632,-73.85033,"1,200",https://www.zillow.com/homedetails/8429-153rd-Ave-APT-4H-Jamaica-NY-11414/32168689_zpid/,"$429,999"
